precio_mxn,m2,recamaras,banos,medios_banos,estacionamientos,antiguedad_anos,pisos,direccion,latitud,longitud,roof_garden,alberca,url,tipo
4850000,170.0,2,2,2,1.0,25.0,1,"Departamento Centro de Puebla en Venta, Provincia de Puebla",19.0424229,-98.2038479,0,0,https://www.inmuebles24.com/propiedades/clasificado/veclapin-departamento-centro-de-puebla-en-venta-148873938.html?n_src=Listado&n_pills=Escuelas+cercanas&n_pg=1&n_pos=2,departamentos
3339000,97.0,3,2,2,,,1,"Santuario Maya, Puebla, Provincia de Puebla",19.0484216,-98.2672467,0,0,https://www.inmuebles24.com/propiedades/clasificado/veclapin-departamento-en-venta-en-santuario-maya-puebla-147190025.html?n_src=Listado&n_pills=%C3%81rea+de+lavado&n_pg=1&n_pos=4,departamentos
3900000,122.0,2,3,3,2.0,,1,"Departamento en Venta La Paz Puebla, Provincia de Puebla",19.053762199999998,-98.2262318,0,0,https://www.inmuebles24.com/propiedades/clasificado/veclapin-departamento-en-venta-la-paz-puebla-149442548.html?n_src=Listado&n_pills=Seguridad+privada&n_pg=1&n_pos=6,departamentos
2150000,72.0,3,1,2,2.0,2.0,1,"Prados Agua Azul, Provincia de Puebla",19.0273276,-98.2171967,1,0,https://www.inmuebles24.com/propiedades/clasificado/veclapin-departamento-en-venta-en-prados-agua-azul-148927722.html?n_src=Listado&n_pills=Seguridad+privada&n_pg=1&n_pos=7,departamentos
956000,50.0,2,2,1,1.0,,1,"Departamentos Economicos Zona Sur Puebla, Provincia de Puebla",18.9788043,-98.2472773,0,0,https://www.inmuebles24.com/propiedades/clasificado/veclapin-departamentos-economicos-zona-sur-puebla-148060647.html?n_src=Listado&n_pills=Escuelas+cercanas&n_pg=1&n_pos=8,departamentos
1487000,61.0,1,1,1,1.0,4.0,1,"Fracc. Haus, Paseo Altea, Ex Hacienda Mayorazgo Puebla",18.9925363,-98.2534317,0,0,https://www.inmuebles24.com/propiedades/clasificado/veclapin-departamento-en-venta-en-fracc.-haus-paseo-altea-ex-146123993.html?n_src=Listado&n_pills=%C3%81rea+de+lavado&n_pg=1&n_pos=9,departamentos
1690000,68.0,3,3,1,1.0,,1,"Departamentos en Venta de 3 Recámaras con Elevador Ubicado en Reforma Sur Puebla Puebla, Provincia de Puebla",19.0632192,-98.22959999999999,0,0,https://www.inmuebles24.com/propiedades/clasificado/veclapin-departamentos-en-venta-de-3-recamaras-con-elevador-149776340.html?n_src=Listado&n_pills=Seguridad+privada&n_pg=1&n_pos=10,departamentos
3650000,135.0,3,3,2,2.0,,1,"Puebla, Zavaleta de 3 Recamaras",19.067736,-98.2463775,0,0,https://www.inmuebles24.com/propiedades/clasificado/veclapin-departamento-en-venta-en-puebla-zavaleta-de-3-145329889.html?n_src=Listado&n_pills=%C3%81rea+de+lavado&n_pg=1&n_pos=11,departamentos
2195000,72.0,3,2,2,2.0,,1,"Departamento en Venta, Belisario Dominguez, Provincia de Puebla",19.0523986,-98.2335373,1,0,https://www.inmuebles24.com/propiedades/clasificado/veclapin-departamento-en-venta-belisario-dominguez-148705345.html?n_src=Listado&n_pills=Terraza&n_pg=1&n_pos=12,departamentos
3500000,112.0,3,2,2,2.0,3.0,1,"Departamento en Venta Torre Arbolada, Zona Belisario Dominguez, Provincia de Puebla",19.0485835,-98.2317546,1,0,https://www.inmuebles24.com/propiedades/clasificado/veclapin-departamento-en-venta-torre-arbolada-zona-belisario-148689295.html?n_src=Listado&n_pills=%C3%81rea+de+lavado&n_pg=1&n_pos=13,departamentos
2355000,72.0,3,2,2,2.0,,1,"Departamento en Venta, Ampliación Reforma, Provincia de Puebla",19.0591152,-98.2356021,1,0,https://www.inmuebles24.com/propiedades/clasificado/veclapin-departamento-en-venta-ampliacion-reforma-147646450.html?n_src=Listado&n_pills=%C3%81rea+de+lavado&n_pg=1&n_pos=14,departamentos
2650000,92.0,2,2,2,1.0,,1,"Departamento en Venta Torre Santa Fe, Zavaleta",19.065352376139753,-98.24910409101562,0,0,https://www.inmuebles24.com/propiedades/clasificado/veclapin-departamento-en-venta-torre-santa-fe-zavaleta.-149442607.html?n_src=Listado&n_pills=Seguridad+privada&n_pg=1&n_pos=15,departamentos
3251710,118.0,3,2,2,2.0,,1,"Bosques Santuario, La Recta, Col. Bello Horizonte, Puebla",19.0545063492,-98.2648432558,0,0,https://www.inmuebles24.com/propiedades/clasificado/veclapin-departamentos-en-venta-en-bosques-santuario-la-recta-148682628.html?n_src=Listado&n_pills=Terraza&n_pg=1&n_pos=16,departamentos
1679000,68.0,3,2,1,,,1,"Sonata, Lomas de Angelópolis, Puebla, Provincia de Puebla",18.9905626814,-98.2784154995,0,1,https://www.inmuebles24.com/propiedades/clasificado/veclapin-consultorios-en-venta-en-sonata-lomas-de-angelopolis-149631608.html?n_src=Listado&n_pills=Alberca&n_pg=1&n_pos=17,departamentos
2195000,72.0,3,2,2,2.0,,1,"Departamento en Venta, La Paz, Provincia de Puebla",19.0524206,-98.23352489999999,1,0,https://www.inmuebles24.com/propiedades/clasificado/veclapin-departamento-en-venta-la-paz-148705486.html?n_src=Listado&n_pills=Seguridad+privada&n_pg=1&n_pos=18,departamentos
1053000,49.0,2,2,1,1.0,,1,"Resurgimiento Puebla, Provincia de Puebla",19.040118505268293,-98.18074722631455,0,0,https://www.inmuebles24.com/propiedades/clasificado/veclapin-departamento-en-venta-en-resurgimiento-puebla-148059346.html?n_src=Listado&n_pills=%C3%81rea+de+juegos+infantiles&n_pg=1&n_pos=19,departamentos
1195000,80.0,3,3,1,1.0,,1,"Venta de Departamentos 2 y 3 Recamaras a un Costado del Hospital del Norte Desde $1,020,000, Provincia de Puebla",19.0825749,-98.185218,1,0,https://www.inmuebles24.com/propiedades/clasificado/veclapin-venta-de-departamentos-2-y-3-recamaras-a-un-costado-148079957.html?n_src=Listado&n_pills=Terraza&n_pg=1&n_pos=20,departamentos
2245000,86.0,2,2,2,2.0,,1,"Departamento en Venta Puente de México, Zavaleta, Provincia de Puebla",19.071226327854298,-98.24501293071899,0,0,https://www.inmuebles24.com/propiedades/clasificado/veclapin-departamento-en-venta-puente-de-mexico-zavaleta-149442637.html?n_src=Listado&n_pg=1&n_pos=21,departamentos
3606950,169.0,3,3,2,2.0,,1,"Cumbres Residencial, Zona Cementera, Provincia de Puebla",19.0802949,-98.2199308,0,0,https://www.inmuebles24.com/propiedades/clasificado/veclapin-departamentos-en-venta-en-cumbres-residencial-zona-148688845.html?n_src=Listado&n_pills=Seguridad+privada&n_pg=1&n_pos=22,departamentos
2450000,97.0,3,1,1,2.0,6.0,1,"Departamento en Venta Col. La Paz, Provincia de Puebla",19.0546505,-98.2260239,1,0,https://www.inmuebles24.com/propiedades/clasificado/veclapin-departamento-en-venta-col.-la-paz-148927721.html?n_src=Listado&n_pills=Escuelas+cercanas&n_pg=1&n_pos=23,departamentos
3045000,72.0,3,2,2,2.0,,1,"Departamento en Venta, La Noria, Provincia de Puebla",19.0377728,-98.22675079999999,1,0,https://www.inmuebles24.com/propiedades/clasificado/veclapin-departamento-en-venta-la-noria-148175588.html?n_src=Listado&n_pills=Seguridad+privada&n_pg=1&n_pos=24,departamentos
2245000,86.0,3,2,2,2.0,5.0,1,"Torre Puente de Mexico, Zona Forjadores",19.0689144,-98.2408716,1,0,https://www.inmuebles24.com/propiedades/clasificado/veclapin-departamento-en-venta-en-torre-puente-de-mexico-zona-148689050.html?n_src=Listado&n_pills=Seguridad+privada&n_pg=1&n_pos=25,departamentos
1948993,26.0,3,1,1,,,1,"Departamento en Preventa en Sonata, Lomas de Angelópolis, Puebla, Provincia de Puebla",18.9905626814,-98.2784154995,0,1,https://www.inmuebles24.com/propiedades/clasificado/veclapin-departamento-en-preventa-en-sonata-lomas-de-149317993.html?n_src=Listado&n_pills=Alberca&n_pg=1&n_pos=26,departamentos
1472000,50.0,2,2,1,1.0,,1,"Venta de Departamento 2 Recamaras en El Centro Historico de Puebla, Provincia de Puebla",19.0519479,-98.19409139999999,1,0,https://www.inmuebles24.com/propiedades/clasificado/veclapin-venta-de-departamento-2-recamaras-en-el-centro-149187318.html?n_src=Listado&n_pills=Terraza&n_pg=1&n_pos=27,departamentos
2200000,85.0,3,2,1,1.0,4.0,1,"Torre Arboladas, Zona Arboledas de Loma Bella, Puebla",18.9841476208,-98.2257104362,0,0,https://www.inmuebles24.com/propiedades/clasificado/veclapin-departamento-en-venta-en-torre-arboladas-zona-149767079.html?n_src=Listado&n_pills=Terraza&n_pg=1&n_pos=28,departamentos
1200000,80.0,3,3,1,1.0,,1,"Departamentos en Venta de 3 Recamaras 80 m² Zona Capu Estadios Central de Abastos Hospital del Norte, Provincia de Puebla",19.07863608638095,-98.18386283648228,0,0,https://www.inmuebles24.com/propiedades/clasificado/veclapin-departamentos-en-venta-de-3-recamaras-80-m-sup2--zona-143355829.html?n_src=Listado&n_pills=Gimnasio&n_pg=1&n_pos=29,departamentos
2145000,72.0,3,2,2,2.0,,1,"Departamento en Venta, Camino Real a Cholula, Provincia de Puebla",19.0487407,-98.2613902,1,0,https://www.inmuebles24.com/propiedades/clasificado/veclapin-departamento-en-venta-camino-real-a-cholula-149498008.html?n_src=Listado&n_pills=Escuelas+cercanas&n_pg=1&n_pos=30,departamentos
2750000,91.0,3,2,2,2.0,1.0,1,"Huexotitla, Provincia de Puebla",19.0283095,-98.2064749,0,0,https://www.inmuebles24.com/propiedades/clasificado/veclapin-departamentos-en-venta-en-huexotitla-148927696.html?n_src=Listado&n_pills=Terraza&n_pg=2&n_pos=2,departamentos
1000000,55.0,2,2,1,1.0,,1,"Venta de Departamentos en Centro de Puebla a 8 Minutos de Plaza Dorada a 10 Minutos de Buap, Provincia de Puebla",19.03868630408214,-98.1812511560587,0,0,https://www.inmuebles24.com/propiedades/clasificado/veclapin-venta-de-departamentos-en-centro-de-puebla-a-8-minutos-66903918.html?n_src=Listado&n_pills=Seguridad+privada&n_pg=2&n_pos=8,departamentos
2690000,100.0,2,2,2,1.0,,1,"Departamento en Venta, Cholula, Puebla, Provincia de Puebla",19.0504484,-98.2603955,0,0,https://www.inmuebles24.com/propiedades/clasificado/veclapin-departamento-en-venta-cholula-puebla-149037780.html?n_src=Listado&n_pills=%C3%81rea+de+lavado&n_pg=2&n_pos=11,departamentos
3680000,92.0,3,2,2,2.0,3.0,1,"Torre El Cerro, Zona La Paz, Provincia de Puebla",19.0558043,-98.2251366,1,0,https://www.inmuebles24.com/propiedades/clasificado/veclapin-departamento-en-venta-en-torre-el-cerro-zona-la-paz-148684299.html?n_src=Listado&n_pills=Seguridad+privada&n_pg=2&n_pos=12,departamentos
1799000,66.0,3,3,1,1.0,,1,"Venta de Departamentos Dos y Tres Recamaras en Puebla, Pue",19.0624032,-98.236689,0,0,https://www.inmuebles24.com/propiedades/clasificado/veclapin-venta-de-departamentos-dos-y-tres-recamaras-en-puebla-149718279.html?n_src=Listado&n_pills=Patio&n_pg=2&n_pos=14,departamentos
1400000,63.0,3,3,1,1.0,,1,"Venta de Departamentos 3 Recamaras en Amalucan, Provincia de Puebla",19.0505814,-98.1300856,0,0,https://www.inmuebles24.com/propiedades/clasificado/veclapin-venta-de-departamentos-3-recamaras-en-amalucan-146578699.html?n_src=Listado&n_pills=Seguridad+privada&n_pg=2&n_pos=15,departamentos
3650000,134.0,3,3,2,2.0,,1,"Depto 134 m² en Bristol Park | San José del Puente | Amplio Lujo, Provincia de Puebla",19.067325499999995,-98.24625879999999,0,0,https://www.inmuebles24.com/propiedades/clasificado/veclapin-depto-134-m-sup2--en-bristol-park-san-jose-del-144105219.html?n_src=Listado&n_pg=2&n_pos=16,departamentos
1700000,44.0,3,1,1,,7.0,1,"Loft / Departamento en Venta, Provincia de Puebla",19.04547546894891,-98.2035842888355,1,0,https://www.inmuebles24.com/propiedades/clasificado/veclapin-loft-departamento-en-venta-148332395.html?n_src=Listado&n_pills=Terraza&n_pg=2&n_pos=17,departamentos
3500000,133.0,2,2,2,2.0,,1,"Zona Zavaleta. Ubicacion Privilegiada. Garage Techado, Provincia de Puebla",19.04914003137656,-98.24610161667175,1,0,https://www.inmuebles24.com/propiedades/clasificado/veclapin-departamento-en-venta-en-zona-zavaleta.-ubicacion-148309003.html?n_src=Listado&n_pills=Patio&n_pg=2&n_pos=18,departamentos
3480000,120.0,3,2,2,2.0,,1,"Departamento en Venta de 120 m², en Calzada Zavaleta 5118, Santa Cruz Buenavista, Puebla",19.051224766481862,-98.2469092240723,0,0,https://www.inmuebles24.com/propiedades/clasificado/veclapin-departamento-en-venta-de-120-m-sup2--en-calzada-147933291.html?n_src=Listado&n_pills=Escuelas+cercanas&n_pg=2&n_pos=19,departamentos
2200000,90.0,3,2,2,2.0,7.0,1,"Departamento en Venta Zona Zavaleta con Áreas Verdes, Puebla, Provincia de Puebla",19.050255572198864,-98.24518251304933,0,0,https://www.inmuebles24.com/propiedades/clasificado/veclapin-departamento-en-venta-zona-zavaleta-con-areas-verdes-149243073.html?n_src=Listado&n_pills=Terraza&n_pg=2&n_pos=20,departamentos
2450000,85.0,3,2,2,1.0,8.0,1,"Departamento en Venta Zona Zavaleta y Antuñano, Provincia de Puebla",19.0704227,-98.2449069,0,0,https://www.inmuebles24.com/propiedades/clasificado/veclapin-departamento-en-venta-zona-zavaleta-y-antunano-148862018.html?n_src=Listado&n_pills=%C3%81rea+de+lavado&n_pg=2&n_pos=21,departamentos
1800000,85.0,3,2,1,1.0,14.0,1,"Se Vende Departamento en Puebla Excelente Ubicacion, Provincia de Puebla",19.0275615,-98.2170453,0,0,https://www.inmuebles24.com/propiedades/clasificado/veclapin-se-vende-departamento-en-puebla-excelente-ubicacion-148773743.html?n_src=Listado&n_pills=%C3%81rea+de+lavado&n_pg=2&n_pos=22,departamentos
3307000,78.0,3,3,2,2.0,,1,"Torre Huz, San José del Puente, Puebla, Provincia de Puebla",19.0673255,-98.24625879999999,0,1,https://www.inmuebles24.com/propiedades/clasificado/veclapin-departamento-en-venta-en-torre-huz-san-jose-del-149631655.html?n_src=Listado&n_pills=Seguridad+privada&n_pg=2&n_pos=23,departamentos
2900000,162.0,2,2,2,2.0,12.0,1,Puebla (Zavaleta),19.0503332,-98.2454065,1,0,https://www.inmuebles24.com/propiedades/clasificado/veclapin--departamento-en-venta-en-puebla-zavaleta-.-146658218.html?n_src=Listado&n_pills=%C3%81rea+de+lavado&n_pg=2&n_pos=24,departamentos
1186000,69.0,3,2,1,1.0,,1,"Amplio Departamento en La Ciudad de Puebla en Bello y Bien Ubicado Residencial, Provincia de Puebla",19.05232447236246,-98.14591815600585,0,0,https://www.inmuebles24.com/propiedades/clasificado/veclapin-amplio-departamento-en-la-ciudad-de-puebla-en-bello-y-149518048.html?n_src=Listado&n_pills=Escuelas+cercanas&n_pg=2&n_pos=25,departamentos
2245000,72.0,3,2,2,1.0,,1,"Venta Departamento Recta a Cholula, Puebla, Provincia de Puebla",19.0596671,-98.2383912,1,0,https://www.inmuebles24.com/propiedades/clasificado/veclapin-venta-departamento-recta-a-cholula-puebla-146510401.html?n_src=Listado&n_pills=Seguridad+privada&n_pg=2&n_pos=26,departamentos
1750000,75.0,3,2,1,1.0,9.0,1,"Departamento en Venta Zona 11 Sur Av Las Torres Puebla Tec de Monterrey, Provincia de Puebla",19.006277524959582,-98.24240050000644,0,0,https://www.inmuebles24.com/propiedades/clasificado/veclapin-departamento-en-venta-zona-11-sur-av-las-torres-puebla-149751016.html?n_src=Listado&n_pills=%C3%81rea+de+lavado&n_pg=2&n_pos=27,departamentos
3900000,103.0,3,3,2,2.0,,1,"Departamento Nuevo en Venta Cerca de Av Juarez, Provincia de Puebla",19.049620900000008,-98.22725779999999,1,0,https://www.inmuebles24.com/propiedades/clasificado/veclapin-departamento-nuevo-en-venta-cerca-de-av-juarez-146785676.html?n_src=Listado&n_pills=Gimnasio&n_pg=2&n_pos=28,departamentos
2279600,82.0,3,2,2,,,1,"Excelente Departamento Nuev Fracc Estrellas del Sur $2,279,600, Provincia de Puebla",19.040854,-98.2445422,1,1,https://www.inmuebles24.com/propiedades/clasificado/veclapin-excelente-departamento-nuev-fracc-estrellas-del-sur-149490241.html?n_src=Listado&n_pills=%C3%81rea+de+lavado&n_pg=2&n_pos=29,departamentos
2150000,120.0,3,2,1,2.0,26.0,1,"Departamento en Venta Villa Carmel, Provincia de Puebla",19.0166629,-98.1953795,0,0,https://www.inmuebles24.com/propiedades/clasificado/veclapin-departamento-en-venta-villa-carmel-148929661.html?n_src=Listado&n_pills=%C3%81rea+de+lavado&n_pg=2&n_pos=30,departamentos
780000,56.0,3,3,1,,33.0,1,"Departamento en Venta Unidad Habitacional San José Xilotzingo, Provincia de Puebla",18.99181510848132,-98.19910656535949,0,0,https://www.inmuebles24.com/propiedades/clasificado/veclapin-departamento-en-venta-unidad-habitacional-san-jose-149740674.html?n_src=Listado&n_pills=%C3%81rea+de+lavado&n_pg=3&n_pos=1,departamentos
5245000,136.0,3,3,2,2.0,,1,"Departamento en Venta 3 Recamaras Arboledas de Zavaleta Amenidades, Provincia de Puebla",19.0687921,-98.2492059,0,0,https://www.inmuebles24.com/propiedades/clasificado/veclapin-departamento-en-venta-3-recamaras-arboledas-de-145837096.html?n_src=Listado&n_pills=Seguridad+privada&n_pg=3&n_pos=3,departamentos
2100000,86.0,3,2,2,1.0,,1,"La Paz, Provincia de Puebla",19.052341371070803,-98.22630455131225,1,0,https://www.inmuebles24.com/propiedades/clasificado/veclapin-ultimo-departamento-en-venta-en-la-paz-149704057.html?n_src=Listado&n_pills=Escuelas+cercanas&n_pg=3&n_pos=4,departamentos
1200000,73.0,3,2,1,1.0,,1,"Bonito Departamento Lomas El Pedregal, Provincia de Puebla",19.0066806,-98.1802428,0,1,https://www.inmuebles24.com/propiedades/clasificado/veclapin-bonito-departamento-lomas-el-pedregal-149467310.html?n_src=Listado&n_pills=%C3%81rea+de+juegos+infantiles&n_pg=3&n_pos=5,departamentos
3000000,154.0,3,2,2,2.0,7.0,1,"Camino Real, Provincia de Puebla",19.047558199999997,-98.25481260000001,0,0,https://www.inmuebles24.com/propiedades/clasificado/veclapin-townhouse-tipo-loft-en-venta-en-camino-real-148844397.html?n_src=Listado&n_pills=%C3%81rea+de+lavado&n_pg=3&n_pos=6,departamentos
2100000,113.0,3,3,2,2.0,,1,"Lomas del Marmol Primera Seccion, Provincia de Puebla",19.0035206,-98.1842578,1,0,https://www.inmuebles24.com/propiedades/clasificado/veclapin-departamentos-nuevos-en-venta-en-lomas-del-marmol-148929690.html?n_src=Listado&n_pills=%C3%81rea+de+juegos+infantiles&n_pg=3&n_pos=7,departamentos
3665970,9134.0,3,2,2,1.0,,1,"Departamentos Exclusivos Torre Estrella en El Corazón de Angelópolis, Puebla, Provincia de Puebla",19.0350726,-98.2310826,0,0,https://www.inmuebles24.com/propiedades/clasificado/veclapin-departamentos-exclusivos-torre-estrella-en-el-corazon-147264385.html?n_src=Listado&n_pills=%C3%81rea+de+lavado&n_pg=3&n_pos=8,departamentos
3600000,133.0,3,2,2,2.0,,1,"Zona Zavaleta. Excelente Ubicacion, Provincia de Puebla",19.0500662,-98.2457484,0,0,https://www.inmuebles24.com/propiedades/clasificado/veclapin-departamento-en-venta-en-zona-zavaleta.-excelente-148260125.html?n_src=Listado&n_pills=Seguridad+privada&n_pg=3&n_pos=9,departamentos
3550000,174.0,3,2,3,2.0,18.0,1,"Angelópolis, Provincia de Puebla",19.035435,-98.2420217,0,0,https://www.inmuebles24.com/propiedades/clasificado/veclapin-departamento-en-venta-en-angelopolis-145719421.html?n_src=Listado&n_pills=%C3%81rea+de+lavado&n_pg=3&n_pos=10,departamentos
1190000,75.0,3,3,1,1.0,1.0,1,"Departamento en Venta de 75 m² de Construcción con 3 Recámaras, a Unos Pasos del Periférico, Provincia de Puebla",19.007854197130513,-98.15162465310324,0,1,https://www.inmuebles24.com/propiedades/clasificado/veclapin-departamento-en-venta-de-75-m-sup2--de-construccion-147693717.html?n_src=Listado&n_pills=Alberca&n_pg=3&n_pos=11,departamentos
2990000,89.0,2,2,2,2.0,,1,"Departamentos 33.10 en Huexotitla con Acabados de Lujo, Elevador y Paneles Solares, Provincia de Puebla",19.031709,-98.2055165,0,0,https://www.inmuebles24.com/propiedades/clasificado/veclapin-departamentos-33.10-en-huexotitla-con-acabados-de-148628003.html?n_src=Listado&n_pills=%C3%81rea+de+lavado&n_pg=3&n_pos=13,departamentos
6980000,225.0,3,3,3,3.0,8.0,1,"Penthouse en Venta o Renta en Torre Huz en Zavaleta! con Dos Pisos, Provincia de Puebla",19.066500848692556,-98.24629712745892,0,1,https://www.inmuebles24.com/propiedades/clasificado/veclapin-penthouse-en-venta-o-renta-en-torre-huz-en-zavaleta!-147968572.html?n_src=Listado&n_pills=%C3%81rea+de+lavado&n_pg=3&n_pos=14,departamentos
3550000,133.0,3,2,2,2.0,,1,Departamento en Venta. Gran Diseño. Vive en Una Zona con Excelente Ubicacion,19.0560157,-98.2454257,1,0,https://www.inmuebles24.com/propiedades/clasificado/veclapin-departamento-en-venta.-gran-diseno.-vive-en-una-zona-148251858.html?n_src=Listado&n_pills=%C3%81rea+de+lavado&n_pg=3&n_pos=15,departamentos
1380000,107.0,3,2,2,1.0,,1,"Club de Golf Mayorazgo, por La 11 Sur y Ave Las Torres, Provincia de Puebla",19.0076055,-98.2382203,0,0,https://www.inmuebles24.com/propiedades/clasificado/veclapin-departamento-en-venta-en-club-de-golf-mayorazgo-por-149738744.html?n_src=Listado&n_pg=3&n_pos=17,departamentos
1840000,109.0,3,3,2,2.0,10.0,1,"Departamento en Venta Recta a Cholula, Puebla, Provincia de Puebla",19.059669999999997,-98.2386853,0,0,https://www.inmuebles24.com/propiedades/clasificado/veclapin-departamento-en-venta-recta-a-cholula-puebla-148807259.html?n_src=Listado&n_pills=%C3%81rea+de+lavado&n_pg=3&n_pos=18,departamentos
4500000,89.0,3,3,2,4.0,5.0,1,"Punta Cascatta Club Residencial, Lomas de Angelópolis, Puebla, Provincia de Puebla",18.9634208,-98.283805,0,1,https://www.inmuebles24.com/propiedades/clasificado/veclapin-departamento-en-venta-en-punta-cascatta-club-148429167.html?n_src=Listado&n_pills=Escuelas+cercanas&n_pg=3&n_pos=19,departamentos
3350000,116.0,3,3,3,2.0,,1,"Las Ánimas, Provincia de Puebla",19.0432234,-98.2303297,1,0,https://www.inmuebles24.com/propiedades/clasificado/veclapin-departmento-en-venta-en-las-animas-149289790.html?n_src=Listado&n_pills=Terraza&n_pg=3&n_pos=20,departamentos
3500000,133.0,2,2,2,2.0,,1,Venta Departamento. La Mejor Ubicacion,19.0500662,-98.2457484,1,0,https://www.inmuebles24.com/propiedades/clasificado/veclapin-venta-departamento.-la-mejor-ubicacion.-148553040.html?n_src=Listado&n_pills=%C3%81rea+de+lavado&n_pg=3&n_pos=21,departamentos
2050000,80.0,3,2,2,2.0,15.0,1,"La Zona de Zavaleta, Recta Cholula, Puebla Udlap, Provincia de Puebla",19.0619357,-98.2483694,0,0,https://www.inmuebles24.com/propiedades/clasificado/veclapin-departamento-en-venta-en-la-zona-de-zavaleta-recta-149483499.html?n_src=Listado&n_pills=%C3%81rea+de+lavado&n_pg=3&n_pos=23,departamentos
4500000,176.0,3,3,3,2.0,12.0,1,"PH en La Paz 2 Pisos, Provincia de Puebla",19.0577035,-98.2291967,1,0,https://www.inmuebles24.com/propiedades/clasificado/veclapin-ph-en-la-paz-2-pisos-148405381.html?n_src=Listado&n_pills=Terraza&n_pg=3&n_pos=27,departamentos
1150000,59.0,3,3,2,1.0,5.0,1,"Departamento en Venta, Colonia Resurgimiento Puebla",19.0397526,-98.17582399999999,0,0,https://www.inmuebles24.com/propiedades/clasificado/veclapin-departamento-en-venta-colonia-resurgimiento-puebla.-148604297.html?n_src=Listado&n_pills=%C3%81rea+de+lavado&n_pg=3&n_pos=28,departamentos
2069600,51.0,3,1,1,1.0,,1,"Torre Capella Estrellas del Sur Puebla Modelo F - Entrega Inmediata, Provincia de Puebla",19.041458100000014,-98.2423366,1,0,https://www.inmuebles24.com/propiedades/clasificado/veclapin-departamento-en-venta-en-torre-capella-estrellas-del-146537802.html?n_src=Listado&n_pills=Terraza&n_pg=3&n_pos=29,departamentos
1829000,95.0,3,3,2,1.0,,1,"Departamento en Venta - Santa Anita Centro de Puebla, Provincia de Puebla",19.0588393,-98.2006911,0,0,https://www.inmuebles24.com/propiedades/clasificado/veclapin-departamento-en-venta-santa-anita-centro-de-puebla-146035757.html?n_src=Listado&n_pills=Gimnasio&n_pg=4&n_pos=10,departamentos
5515717,169.0,3,3,3,3.0,,1,"Bosques Santuario, Camino Real, Col. Bello Horizonte, Puebla",19.0483238,-98.2671209,0,0,https://www.inmuebles24.com/propiedades/clasificado/veclapin-departamentos-en-venta-en-bosques-santuario-camino-148682790.html?n_src=Listado&n_pills=Terraza&n_pg=4&n_pos=11,departamentos
6800000,163.0,3,3,4,2.0,5.0,1,"Departamento en Venta Para Inversionista en Torre Artema, Zona Angelópolis, Provincia de Puebla",19.0351759,-98.2354829,1,1,https://www.inmuebles24.com/propiedades/clasificado/veclapin-departamento-en-venta-para-inversionista-en-torre-149703730.html?n_src=Listado&n_pills=%C3%81rea+de+lavado&n_pg=4&n_pos=12,departamentos
3699000,115.0,3,2,2,1.0,,1,"Torre Talanta, Zona La Paz, Puebla, Provincia de Puebla",19.0498918,-98.2224828,0,0,https://www.inmuebles24.com/propiedades/clasificado/veclapin-departamento-en-venta-en-torre-talanta-zona-la-paz-148688980.html?n_src=Listado&n_pills=Seguridad+privada&n_pg=4&n_pos=13,departamentos
3690000,115.0,3,3,2,2.0,3.0,1,"Torre El Cerro, Zona La Paz, Provincia de Puebla",19.0558043,-98.2251366,1,0,https://www.inmuebles24.com/propiedades/clasificado/veclapin-departamento-en-venta-en-torre-el-cerro-zona-la-paz-148684250.html?n_src=Listado&n_pills=Seguridad+privada&n_pg=4&n_pos=14,departamentos
2355000,72.0,3,2,2,2.0,,1,"Residencial Cumbres de La Paz, Zona La Paz, Puebla",19.0731124,-98.2387109,1,0,https://www.inmuebles24.com/propiedades/clasificado/veclapin-departamentos-en-venta-en-residencial-cumbres-de-la-149497771.html?n_src=Listado&n_pills=%C3%81rea+de+lavado&n_pg=4&n_pos=15,departamentos
3307000,113.0,3,3,2,2.0,,1,"Torre Huz Designer House, Zona Zavaleta, Provincia de Puebla",19.0673255,-98.2462588,0,1,https://www.inmuebles24.com/propiedades/clasificado/veclapin-departamento-en-venta-en-torre-huz-designer-house-148682451.html?n_src=Listado&n_pills=Gimnasio&n_pg=4&n_pos=16,departamentos
3699000,82.0,3,2,2,1.0,,1,"Zona La Paz, Puebla, Provincia de Puebla",19.0498918,-98.2224828,0,0,https://www.inmuebles24.com/propiedades/clasificado/veclapin-departamento-en-venta-en-zona-la-paz-puebla-147415677.html?n_src=Listado&n_pills=Terraza&n_pg=4&n_pos=17,departamentos
3045000,72.0,3,2,2,2.0,,1,"Residencial Bosques de La Noria, Zona La Noria, Puebla",19.037933,-98.2202584,1,0,https://www.inmuebles24.com/propiedades/clasificado/veclapin-departamentos-en-venta-en-residencial-bosques-de-la-149497796.html?n_src=Listado&n_pills=%C3%81rea+de+lavado&n_pg=4&n_pos=18,departamentos
3300000,88.0,3,2,2,2.0,4.0,1,"Departamento en Venta Torre Kupress, Zona Zavaleta",19.0614694489,-98.2484555632,0,0,https://www.inmuebles24.com/propiedades/clasificado/veclapin-departamento-en-venta-torre-kupress-zona-zavaleta.-149703617.html?n_src=Listado&n_pills=%C3%81rea+de+lavado&n_pg=4&n_pos=19,departamentos
2584000,112.0,3,3,2,1.0,,1,"Torre Kanela, Zona Zavaleta, Provincia de Puebla",19.0467643553,-98.2608315463,0,0,https://www.inmuebles24.com/propiedades/clasificado/veclapin-departamentos-en-venta-en-torre-kanela-zona-zavaleta-148682474.html?n_src=Listado&n_pills=Seguridad+privada&n_pg=4&n_pos=20,departamentos
4200000,124.0,3,2,3,2.0,3.0,1,"Zona La Paz, Puebla",19.0538116504,-98.2261427609,1,0,https://www.inmuebles24.com/propiedades/clasificado/veclapin-departamento-amueblado-en-venta-en-zona-la-paz-148684243.html?n_src=Listado&n_pills=%C3%81rea+de+lavado&n_pg=4&n_pos=21,departamentos
890000,60.0,3,2,1,1.0,30.0,1,"Unidad Habitacional Infonavit Las Carmelitas, Puebla, Provincia de Puebla",18.9942942,-98.25120919999999,0,0,https://www.inmuebles24.com/propiedades/clasificado/veclapin-departamento-en-venta-en-unidad-habitacional-infonavit-149641569.html?n_src=Listado&n_pills=%C3%81rea+de+lavado&n_pg=4&n_pos=22,departamentos
2245000,72.0,3,2,2,2.0,,1,"Departamentos en Pre - Venta en Residencial Baalbek, Zona La Paz. Puebla",19.0523843,-98.2336437,1,0,https://www.inmuebles24.com/propiedades/clasificado/veclapin-departamentos-en-pre-venta-en-residencial-baalbek-149497735.html?n_src=Listado&n_pills=%C3%81rea+de+lavado&n_pg=4&n_pos=24,departamentos
3363737,94.0,3,2,2,,,1,"Santuario Maya, Puebla, Provincia de Puebla",19.0484216,-98.2672467,0,0,https://www.inmuebles24.com/propiedades/clasificado/veclapin-departamento-en-venta-en-santuario-maya-puebla-147190020.html?n_src=Listado&n_pills=Terraza&n_pg=4&n_pos=25,departamentos
2471009,88.0,3,2,2,2.0,,1,"Departamentos en Preventa en Ciudalia, Zona Antigua Cementera, Puebla, Provincia de Puebla",19.06442,-98.22128,0,0,https://www.inmuebles24.com/propiedades/clasificado/veclapin-departamentos-en-preventa-en-ciudalia-zona-antigua-148688780.html?n_src=Listado&n_pills=%C3%81rea+de+lavado&n_pg=4&n_pos=26,departamentos
3492750,68.0,3,2,1,,,1,"Sonata, Alviva Senior Living, Lomas de Angelópolis, Puebla, Provincia de Puebla",18.9905626814,-98.2784154995,0,1,https://www.inmuebles24.com/propiedades/clasificado/veclapin-locales-en-venta-en-sonata-alviva-senior-living-149631603.html?n_src=Listado&n_pills=Gimnasio&n_pg=4&n_pos=27,departamentos
2825000,87.0,3,2,2,2.0,,1,"Departamento en Preventa en Prados Agua Azul, Puebla, Puebla, Provincia de Puebla",19.0266792,-98.2171566,1,0,https://www.inmuebles24.com/propiedades/clasificado/veclapin-departamento-en-preventa-en-prados-agua-azul-puebla-149497678.html?n_src=Listado&n_pills=%C3%81rea+de+lavado&n_pg=4&n_pos=28,departamentos
1100000,78.0,3,2,1,1.0,1.0,1,"Puebla Colonia San Ramón con Jardin, Provincia de Puebla",18.9668575,-98.2605056,0,0,https://www.inmuebles24.com/propiedades/clasificado/veclapin-departamento-nuevo-en-venta-en-puebla-colonia-san-81360947.html?n_src=Listado&n_pg=4&n_pos=29,departamentos
2140000,108.0,3,2,2,2.0,,1,"Venta de Departamento a Unos m de Esteban de Antuñano y La Recta, Provincia de Puebla",19.06336977405506,-98.23549789018388,1,0,https://www.inmuebles24.com/propiedades/clasificado/veclapin-venta-de-departamento-a-unos-m-de-esteban-de-antunano-147575822.html?n_src=Listado&n_pills=Terraza&n_pg=4&n_pos=30,departamentos
3300000,187.0,3,3,4,2.0,10.0,2,"Casa Vta con Horizontal, “rincón del Río” Calzada Zavaleta y Blvd. Forjadores, Provincia de Puebla",19.071291,-98.25784209999999,0,0,https://www.inmuebles24.com/propiedades/clasificado/veclcain-casa-vta-con-horizontal-rincon-del-rio-calzada-144823669.html?n_src=Listado&n_pills=Terraza&n_pg=1&n_pos=1,casas
2220000,120.0,3,3,3,2.0,,2,"Casa en Venta de 3 Recámaras 3 Baños Completos Zona Sur de La Ciudad de Puebla, Provincia de Puebla",18.9778168,-98.25702199999999,1,0,https://www.inmuebles24.com/propiedades/clasificado/veclcain-casa-en-venta-de-3-recamaras-3-banos-completos-zona-146220256.html?n_src=Listado&n_pills=Terraza&n_pg=1&n_pos=2,casas
1780000,93.0,2,2,1,1.0,,2,"Casa en Venta Zona Mayorazgo, Provincia de Puebla",18.9945725,-98.2453496,0,0,https://www.inmuebles24.com/propiedades/clasificado/veclcain-casa-en-venta-zona-mayorazgo-148920427.html?n_src=Listado&n_pills=Patio&n_pg=1&n_pos=3,casas
4500000,328.0,3,10,6,1.0,59.0,2,"Casa Venta Privada Segunda Central Puebla Centro, Provincia de Puebla",19.0475067,-98.19047259999999,0,0,https://www.inmuebles24.com/propiedades/clasificado/veclcain-casa-venta-privada-segunda-central-puebla-centro-147116072.html?n_src=Listado&n_pg=1&n_pos=4,casas
8800000,389.0,3,4,3,2.0,27.0,2,"Camino Real a Cholula, Puebla, Provincia de Puebla",19.0473616,-98.2568501,0,0,https://www.inmuebles24.com/propiedades/clasificado/veclcain-casa-en-venta-en-camino-real-a-cholula-puebla-148774334.html?n_src=Listado&n_pills=%C3%81rea+de+lavado&n_pg=1&n_pos=5,casas
4850000,200.0,3,3,3,2.0,1.0,2,"Las Ánimas, Provincia de Puebla",19.0052432,-98.2976001,0,0,https://www.inmuebles24.com/propiedades/clasificado/veclcain-casa-en-venta-en-las-animas-148927528.html?n_src=Listado&n_pills=Escuelas+cercanas&n_pg=1&n_pos=6,casas
22000000,1363.0,3,9,8,8.0,40.0,2,"Fraccionamiento Mirador La Calera, Zona La Calera, Puebla",19.0115053415,-98.1724593431,0,0,https://www.inmuebles24.com/propiedades/clasificado/veclcain-casa-en-venta-en-fraccionamiento-mirador-la-calera-149631659.html?n_src=Listado&n_pills=Jard%C3%ADn+privado&n_pg=1&n_pos=7,casas
8455000,343.0,3,3,2,4.0,38.0,2,"Casa en Venta, Col. Santa Maria La Calera. Puebla, Puebla, Provincia de Puebla",19.0072049,-98.1813739,0,0,https://www.inmuebles24.com/propiedades/clasificado/veclcain-casa-en-venta-col.-santa-maria-la-calera.-puebla-148690741.html?n_src=Listado&n_pills=Jard%C3%ADn+privado&n_pg=1&n_pos=8,casas
5699000,236.0,3,3,3,2.0,,2,"Venta de Casas en La Antigua Cementera, Puebla, Provincia de Puebla",19.0813154,-98.2211287,0,0,https://www.inmuebles24.com/propiedades/clasificado/veclcain-venta-de-casas-en-la-antigua-cementera-puebla-149443298.html?n_src=Listado&n_pills=%C3%81rea+de+lavado&n_pg=1&n_pos=9,casas
55000000,0.0,3,4,5,10.0,20.0,2,"Casa en Venta de un Solo Nivel Zavaleta Puebla con 5,000 m² de Terreno | Residencia de Lujo, Provincia de Puebla",19.0615925,-98.250524,0,1,https://www.inmuebles24.com/propiedades/clasificado/veclcain-casa-en-venta-de-un-solo-nivel-zavaleta-puebla-con-149465100.html?n_src=Listado&n_pills=Terraza&n_pg=1&n_pos=10,casas
12900000,555.0,3,4,5,2.0,10.0,2,"Fraccionamiento en Calzada Zavaleta, Puebla, Provincia de Puebla",19.0476540555,-98.2489320904,1,0,https://www.inmuebles24.com/propiedades/clasificado/veclcain-casa-en-venta-en-fraccionamiento-en-calzada-zavaleta-144985961.html?n_src=Listado&n_pills=Patio&n_pg=1&n_pos=11,casas
3000000,404.0,3,3,2,3.0,51.0,2,"Privada 39 Oriente, El Mirador, Puebla, Puebla",19.0213936,-98.19420369999999,0,0,https://www.inmuebles24.com/propiedades/clasificado/veclcain-casa-en-venta-en-privada-39-oriente-el-mirador-145939589.html?n_src=Listado&n_pills=%C3%81rea+de+lavado&n_pg=1&n_pos=12,casas
3500000,193.0,3,4,2,3.0,35.0,2,"Valle del Sol, Provincia de Puebla",19.0163360705,-98.1882978728,0,0,https://www.inmuebles24.com/propiedades/clasificado/veclcain-casa-en-venta-en-valle-del-sol-148681778.html?n_src=Listado&n_pills=%C3%81rea+de+lavado&n_pg=1&n_pos=13,casas
2990000,155.0,3,2,2,3.0,2.0,2,"Guadalupe Hidalgo de un Solo Nivel con Jardín, Puebla, Provincia de Puebla",18.9779256869,-98.2550984349,0,0,https://www.inmuebles24.com/propiedades/clasificado/veclcain-casa-en-venta-en-guadalupe-hidalgo-de-un-solo-nivel-148683473.html?n_src=Listado&n_pills=Jard%C3%ADn+privado&n_pg=1&n_pos=14,casas
1553000,62.0,2,2,1,1.0,,2,"Casa en Venta Al Sur de La Ciudad Cerca de Paseo Destino, Provincia de Puebla",18.9840459,-98.26288149999999,0,0,https://www.inmuebles24.com/propiedades/clasificado/veclcain-casa-en-venta-al-sur-de-la-ciudad-cerca-de-paseo-148027337.html?n_src=Listado&n_pills=Patio&n_pg=1&n_pos=15,casas
2150000,101.0,4,4,2,2.0,,2,"Casa en Venta de 4 Recamaras 3 Baños 105 Terreno 125 Construccion Zona Buap 3 Cruces Xilotzingo, Provincia de Puebla",18.974455667458695,-98.19236652642822,0,0,https://www.inmuebles24.com/propiedades/clasificado/veclcain-casa-en-venta-de-4-recamaras-3-banos-105-terreno-125-65368292.html?n_src=Listado&n_pills=Jard%C3%ADn+privado&n_pg=1&n_pos=16,casas
12000000,411.0,3,4,5,6.0,15.0,2,"Santa Cruz Guadalupe, Puebla, Provincia de Puebla",19.0684109,-98.2530033,0,0,https://www.inmuebles24.com/propiedades/clasificado/veclcain-casa-en-venta-en-santa-cruz-guadalupe-puebla-148199485.html?n_src=Listado&n_pills=Jard%C3%ADn+privado&n_pg=1&n_pos=17,casas
2490000,150.0,4,4,2,3.0,15.0,2,"Venta de Casa en Mayorazgo de 150 m² Construccion Solo Recursoso Propios, Provincia de Puebla",19.005267458904196,-98.24619881720889,0,0,https://www.inmuebles24.com/propiedades/clasificado/veclcain-venta-de-casa-en-mayorazgo-de-150-m-sup2--construccion-149120148.html?n_src=Listado&n_pills=Terraza&n_pg=1&n_pos=18,casas
14000000,739.0,3,4,4,5.0,10.0,2,"Parque Guanajuato, Zona Lomas de Angelópolis III, Provincia de Puebla",18.9659949434,-98.2869211889,1,0,https://www.inmuebles24.com/propiedades/clasificado/veclcain-casa-en-venta-en-parque-guanajuato-zona-lomas-de-148689371.html?n_src=Listado&n_pills=%C3%81rea+de+lavado&n_pg=1&n_pos=19,casas
6650000,297.0,3,4,6,2.0,,2,"Parque Sonora, Lomas de Angelópolis, Puebla, Provincia de Puebla",18.9613808,-98.285582,1,0,https://www.inmuebles24.com/propiedades/clasificado/veclcain-casa-en-venta-en-parque-sonora-lomas-de-angelopolis-148689166.html?n_src=Listado&n_pills=Jard%C3%ADn+privado&n_pg=1&n_pos=20,casas
2175000,115.0,3,4,3,2.0,,2,"Casa en Venta de 3 Recamaras Zona Buap, Provincia de Puebla",18.9811571,-98.2109617,0,0,https://www.inmuebles24.com/propiedades/clasificado/veclcain-casa-en-venta-de-3-recamaras-zona-buap-145531838.html?n_src=Listado&n_pills=Seguridad+privada&n_pg=1&n_pos=21,casas
17000000,800.0,3,6,6,10.0,15.0,2,"Venta de Casa en Huexotitla, Puebla, Provincia de Puebla",18.9715898,-98.2462561,0,0,https://www.inmuebles24.com/propiedades/clasificado/veclcain-venta-de-casa-en-huexotitla-puebla-149443238.html?n_src=Listado&n_pills=%C3%81rea+de+lavado&n_pg=1&n_pos=22,casas
2220000,117.0,3,3,2,2.0,,2,"Casa en Venta Cerca de Ipn y a 10 Min Deangelopolis, Provincia de Puebla",18.976971,-98.25858819999999,1,0,https://www.inmuebles24.com/propiedades/clasificado/veclcain-casa-en-venta-cerca-de-ipn-y-a-10-min-deangelopolis-148134884.html?n_src=Listado&n_pills=%C3%81rea+de+lavado&n_pg=1&n_pos=23,casas
7500000,514.0,3,5,6,4.0,26.0,2,"Casa en Venta Lomas del Mármol, Provincia de Puebla",18.9995593651,-98.1827545166,0,0,https://www.inmuebles24.com/propiedades/clasificado/veclcain-casa-en-venta-lomas-del-marmol-148927622.html?n_src=Listado&n_pills=Seguridad+privada&n_pg=1&n_pos=24,casas
1900000,100.0,3,3,2,1.0,12.0,2,"Unidad Habitacional Tecnológico, Puebla, Provincia de Puebla",19.0811396,-98.1728957,0,0,https://www.inmuebles24.com/propiedades/clasificado/veclcain-casa-en-venta-en-unidad-habitacional-tecnologico-149183597.html?n_src=Listado&n_pills=Patio&n_pg=1&n_pos=25,casas
2100000,125.0,3,3,1,1.0,,2,"Guadalupe Hidalgo, Provincia de Puebla",18.982566980215818,-98.25019755990576,1,0,https://www.inmuebles24.com/propiedades/clasificado/veclcain-casa-en-venta-en-guadalupe-hidalgo-148121914.html?n_src=Listado&n_pills=Escuelas+cercanas&n_pg=1&n_pos=26,casas
1560000,92.0,3,2,2,1.0,,2,"Casa en Venta de 3 Recámaras Zona Sur de La Ciudad, Provincia de Puebla",18.977179035804056,-98.26561497255248,0,0,https://www.inmuebles24.com/propiedades/clasificado/veclcain-casa-en-venta-de-3-recamaras-zona-sur-de-la-ciudad-148378456.html?n_src=Listado&n_pills=Seguridad+privada&n_pg=1&n_pos=27,casas
39000000,976.0,3,3,4,4.0,36.0,2,"Campestre Paraiso Zona Zavaleta, Provincia de Puebla",19.0647875,-98.2534317,0,0,https://www.inmuebles24.com/propiedades/clasificado/veclcain-casa-en-venta-en-campestre-paraiso-zona-zavaleta-148927673.html?n_src=Listado&n_pills=Gimnasio&n_pg=1&n_pos=28,casas
12499000,434.0,3,4,3,3.0,17.0,2,"Fraccionamiento Los Encinos, Zona Morillotla, Provincia de Puebla",19.0482805,-98.2754661,0,0,https://www.inmuebles24.com/propiedades/clasificado/veclcain-casa-en-venta-en-fraccionamiento-los-encinos-zona-148689209.html?n_src=Listado&n_pills=Seguridad+privada&n_pg=1&n_pos=29,casas
1800000,94.0,2,2,1,1.0,,2,"Mayorazgo 1,900,000, Provincia de Puebla",18.99423017964387,-98.2448708507171,1,0,https://www.inmuebles24.com/propiedades/clasificado/veclcain-casa-en-venta-en-mayorazgo-1-900-000-149120238.html?n_src=Listado&n_pills=Escuelas+cercanas&n_pg=2&n_pos=2,casas
8300000,385.0,3,4,5,2.0,,2,"Casa en Venta Nueva en Fraccionamiento Bosques de Zavaleta, Provincia de Puebla",19.0663091,-98.2502532,1,0,https://www.inmuebles24.com/propiedades/clasificado/veclcain-casa-en-venta-nueva-en-fraccionamiento-bosques-de-148689360.html?n_src=Listado&n_pills=Terraza&n_pg=2&n_pos=7,casas
1550000,70.0,3,2,1,1.0,,2,"Venta de Casas a 10 Minutos de Angelopolis con Opciona a Crecimiento Acceco Controlado Cerca de Todo, Provincia de Puebla",18.985257756143124,-98.264711966687,0,0,https://www.inmuebles24.com/propiedades/clasificado/veclcain-venta-de-casas-a-10-minutos-de-angelopolis-con-opciona-148972574.html?n_src=Listado&n_pills=Escuelas+cercanas&n_pg=2&n_pos=8,casas
6955000,329.0,3,3,4,2.0,6.0,2,"Venta de Casa en Zavaleta Puebla, Provincia de Puebla",19.0662999,-98.25024529999999,0,0,https://www.inmuebles24.com/propiedades/clasificado/veclcain-venta-de-casa-en-zavaleta-puebla-149386820.html?n_src=Listado&n_pills=Seguridad+privada&n_pg=2&n_pos=10,casas
1800000,88.0,3,2,1,2.0,,2,"San Alfonso, Puebla (A Unas Calles de La 16 de Septiembre) con 88 m² de Construcción, Provincia de Puebla",18.97218359367449,-98.23737457549305,0,0,https://www.inmuebles24.com/propiedades/clasificado/veclcain-casa-en-venta-en-san-alfonso-puebla-a-unas-calles-de-149415727.html?n_src=Listado&n_pg=2&n_pos=11,casas
3200000,215.0,3,3,2,2.0,5.0,2,"Amplia Casa en Santa Cruz Buenavista Zona Zavaleta, Provincia de Puebla",19.0581867,-98.24288709999999,0,0,https://www.inmuebles24.com/propiedades/clasificado/veclcain-amplia-casa-en-santa-cruz-buenavista-zona-zavaleta-148204591.html?n_src=Listado&n_pills=Escuelas+cercanas&n_pg=2&n_pos=12,casas
3600000,206.0,3,4,4,2.0,10.0,2,"Se Vende Casa Muy Cerca de Puerta de Hierro y Club de Golf ""Las Fuentes"", Provincia de Puebla",19.0795384416447,-98.23037169367063,0,0,https://www.inmuebles24.com/propiedades/clasificado/veclcain-se-vende-casa-muy-cerca-de-puerta-de-hierro-y-club-de-148322875.html?n_src=Listado&n_pills=Patio&n_pg=2&n_pos=13,casas
1760000,140.0,4,4,2,1.0,20.0,2,"Casa en Venta, con 4 Recámaras, Bosques San Sebastián, Provincia de Puebla",19.056937,-98.13686659999999,0,0,https://www.inmuebles24.com/propiedades/clasificado/veclcain-casa-en-venta-con-4-recamaras-bosques-san-sebastian-148627261.html?n_src=Listado&n_pills=Patio&n_pg=2&n_pos=14,casas
18000000,662.0,4,4,3,8.0,30.0,2,"Venta Casa en Club de Golf Las Fuentes, Provincia de Puebla",19.0885329,-98.2336028,0,0,https://www.inmuebles24.com/propiedades/clasificado/veclcain-venta-casa-en-club-de-golf-las-fuentes-148853921.html?n_src=Listado&n_pills=Jard%C3%ADn+privado&n_pg=2&n_pos=15,casas
4990000,330.0,3,3,2,4.0,25.0,2,"Casa en Venta San José Mayorazgo | 330 m² Terreno | un Nivel | 3 Recámaras, Provincia de Puebla",19.00952,-98.233051,0,0,https://www.inmuebles24.com/propiedades/clasificado/veclcain-casa-en-venta-san-jose-mayorazgo-330-m-sup2--terreno-149724262.html?n_src=Listado&n_pills=%C3%81rea+de+lavado&n_pg=2&n_pos=16,casas
2100000,113.0,3,2,1,2.0,,2,"Col Bugambilias, Puebla, Provincia de Puebla",19.006081700000024,-98.21954129999999,0,0,https://www.inmuebles24.com/propiedades/clasificado/veclcain-casa-en-venta-en-col-bugambilias-puebla-149026328.html?n_src=Listado&n_pills=Gimnasio&n_pg=2&n_pos=17,casas
1800000,91.0,3,3,1,2.0,22.0,2,"Casa en Venta, Rinconada Las Arcos 2, Puebla. (Zona Paseo Destino), Provincia de Puebla",19.0049666,-98.2494892,0,0,https://www.inmuebles24.com/propiedades/clasificado/veclcain-casa-en-venta-rinconada-las-arcos-2-puebla.-zona-149443573.html?n_src=Listado&n_pills=%C3%81rea+de+lavado&n_pg=2&n_pos=18,casas
12700000,555.0,3,4,4,,,2,"Residencial Los Alcatraces, Calzada Zavaleta, Provincia de Puebla",19.0474134764,-98.2489514351,0,0,https://www.inmuebles24.com/propiedades/clasificado/veclcain-increible-casa-en-venta-en-residencial-los-alcatraces-145379534.html?n_src=Listado&n_pills=Terraza&n_pg=2&n_pos=19,casas
4580000,169.0,4,4,4,2.0,15.0,2,"Vendo Casa Remodelada en Puebla Col Anzures 4 Recamaras 4 1/2 Baños, Provincia de Puebla",19.0279451,-98.1990634,0,0,https://www.inmuebles24.com/propiedades/clasificado/veclcain-vendo-casa-remodelada-en-puebla-col-anzures-4-81469098.html?n_src=Listado&n_pg=2&n_pos=20,casas
15400000,406.0,3,4,3,6.0,,2,"Fuentes de San Miguel, Club de Golf Las Fuentes, Provincia de Puebla",19.09050891,-98.2352828979,0,0,https://www.inmuebles24.com/propiedades/clasificado/veclcain-hermosa-casa-en-venta-en-fuentes-de-san-miguel-club-145747463.html?n_src=Listado&n_pills=Terraza&n_pg=2&n_pos=21,casas
4800000,293.0,3,3,2,6.0,26.0,2,"Inmueble en Venta Colonia Gabriel Pastor a Pasos de Blvd 5 de Mayo, Puebla",19.0306438,-98.2121219,0,0,https://www.inmuebles24.com/propiedades/clasificado/veclcain-inmueble-en-venta-colonia-gabriel-pastor-a-pasos-de-148671723.html?n_src=Listado&n_pg=2&n_pos=22,casas
2280000,105.0,4,3,2,2.0,25.0,2,"Vicente Guerrero | Hasta 4 Recámaras, Provincia de Puebla",19.004086337262926,-98.23114130397173,0,0,https://www.inmuebles24.com/propiedades/clasificado/veclcain-casa-remodelada-en-venta-en-vicente-guerrero-hasta-4-147883839.html?n_src=Listado&n_pills=%C3%81rea+de+lavado&n_pg=2&n_pos=23,casas
8500000,1006.0,3,16,12,5.0,10.0,2,"Inmueble Comercial Precio de Oportunidad, Provincia de Puebla",19.0316095,-98.2088879,0,0,https://www.inmuebles24.com/propiedades/clasificado/veclcain-inmueble-comercial-precio-de-oportunidad-148094225.html?n_src=Listado&n_pills=Jard%C3%ADn+privado&n_pg=2&n_pos=24,casas
1980000,98.0,3,3,1,1.0,,2,"Casa Venta en Fraccionamiento Reforma Sur Cerca de La Recta a Cholula Esteban de Antuñano, Provincia de Puebla",19.0612316,-98.23912659999999,0,0,https://www.inmuebles24.com/propiedades/clasificado/veclcain-casa-venta-en-fraccionamiento-reforma-sur-cerca-de-la-148655088.html?n_src=Listado&n_pills=Patio&n_pg=2&n_pos=25,casas
2690000,100.0,2,2,2,1.0,,2,"Departamento en Venta recta Cholula, Provincia de Puebla",19.0585776,-98.26679969999999,1,0,https://www.inmuebles24.com/propiedades/clasificado/veclcain-departamento-en-ventarecta-cholula-149464737.html?n_src=Listado&n_pills=Gimnasio&n_pg=2&n_pos=26,casas
3250000,203.0,3,3,3,2.0,,2,"Casa en Arboledas del Pedregal, Seguridad y Ubicación, Héroes Puebla, Periférico Sur y 14 Sur, Provincia de Puebla",18.979655851978897,-98.22431397539366,0,0,https://www.inmuebles24.com/propiedades/clasificado/veclcain-casa-en-arboledas-del-pedregal-seguridad-y-ubicacion-147443137.html?n_src=Listado&n_pills=Patio&n_pg=2&n_pos=27,casas
2480000,110.0,3,3,3,2.0,,2,"Casa con Recamara en Planta Baja Al Sur de Puebla en San Jose Xilotzingo, Provincia de Puebla",18.981294750129006,-98.21035831037763,0,0,https://www.inmuebles24.com/propiedades/clasificado/veclcain-casa-con-recamara-en-planta-baja-al-sur-de-puebla-en-145106029.html?n_src=Listado&n_pills=Gimnasio&n_pg=2&n_pos=28,casas
9708000,328.0,3,3,3,2.0,15.0,2,"Jardines de Zavaleta Puebla Recta Cholula Udlap, Provincia de Puebla",19.0636601194323,-98.25771398534991,0,0,https://www.inmuebles24.com/propiedades/clasificado/veclcain-casa-en-venta-en-jardines-de-zavaleta-puebla-recta-149371414.html?n_src=Listado&n_pills=Seguridad+privada&n_pg=2&n_pos=29,casas
4500000,370.0,4,4,2,6.0,55.0,2,"Casa en Venta de 370 m² de Construcción, con 4 Recámaras y 6 Estacionamientos, en Colonia Las Palmas, Provincia de Puebla",19.0238907,-98.2096232,0,0,https://www.inmuebles24.com/propiedades/clasificado/veclcain-casa-en-venta-de-370-m-sup2--de-construccion-con-4-149633812.html?n_src=Listado&n_pills=Patio&n_pg=2&n_pos=30,casas
16500000,480.0,3,3,4,2.0,15.0,2,"Casa en Venta Fraccionamiento Puerta de Hierro 3 Recamaras en Esquina, Provincia de Puebla",19.076969,-98.2307584,0,0,https://www.inmuebles24.com/propiedades/clasificado/veclcain-casa-en-venta-fraccionamiento-puerta-de-hierro-3-64615330.html?n_src=Listado&n_pills=Seguridad+privada&n_pg=3&n_pos=1,casas
2999000,215.0,3,3,2,2.0,10.0,2,"Remato Preciosa Casa Cerca de C. U. Buap, Provincia de Puebla",18.9966077,-98.1907216,0,0,https://www.inmuebles24.com/propiedades/clasificado/veclcain-remato-preciosa-casa-cerca-de-c.-u.-buap-149465363.html?n_src=Listado&n_pills=Jard%C3%ADn+privado&n_pg=3&n_pos=2,casas
1580000,94.0,3,3,1,1.0,,2,"Casa Nueva en Venta a Pie de Calle con Entrada Independiente – Lares de San Alfonso, Provincia de Puebla",18.9665887,-98.2318937,0,0,https://www.inmuebles24.com/propiedades/clasificado/veclcain-casa-nueva-en-venta-a-pie-de-calle-con-entrada-149712695.html?n_src=Listado&n_pills=Patio&n_pg=3&n_pos=3,casas
2200000,170.0,3,3,3,2.0,,2,"Venta de Casa en Granjas Puebla, Provincia de Puebla",18.981900664532212,-98.23221732841938,0,0,https://www.inmuebles24.com/propiedades/clasificado/veclcain-venta-de-casa-en-granjas-puebla-146163493.html?n_src=Listado&n_pg=3&n_pos=4,casas
6670000,350.0,3,7,7,2.0,9.0,2,"Casa en La Paz: Ideal Para Consultorios, Oficinas, Rentas por Habitación o Coworking, Provincia de Puebla",19.0564521,-98.2235264,0,0,https://www.inmuebles24.com/propiedades/clasificado/veclcain-casa-en-la-paz:-ideal-para-consultorios-oficinas-148426144.html?n_src=Listado&n_pills=Patio&n_pg=3&n_pos=6,casas
2400000,166.0,3,3,2,2.0,,2,"Fraccionamiento Aun Costado de Periferico, Provincia de Puebla",18.97865193302371,-98.2136476000547,1,0,https://www.inmuebles24.com/propiedades/clasificado/veclcain-casa-en-venta-en-fraccionamiento-aun-costado-de-148927181.html?n_src=Listado&n_pills=Terraza&n_pg=3&n_pos=8,casas
3200000,223.0,3,3,3,2.0,8.0,2,"Casa en Venta, Colonia Granjas San Isidro, Zona Sur, Puebla, Provincia de Puebla",18.9876688169,-98.2104458315,1,0,https://www.inmuebles24.com/propiedades/clasificado/veclcain-casa-en-venta-colonia-granjas-san-isidro-zona-sur-148875535.html?n_src=Listado&n_pills=Terraza&n_pg=3&n_pos=9,casas
8990000,464.0,3,3,3,6.0,,2,"Casa en Venta Col Bugambilias, un Piso, Gran Jardín, Esquina. Inversionistas",19.0118878,-98.214243,0,0,https://www.inmuebles24.com/propiedades/clasificado/veclcain-casa-en-venta-col-bugambilias-un-piso-gran-jardin-144130897.html?n_src=Listado&n_pills=%C3%81rea+de+lavado&n_pg=3&n_pos=10,casas
1482000,57.0,3,4,2,1.0,15.0,2,"En Venta Casa 3 Pisos 4 R Bosques de Chapultepec, Provincia de Puebla",19.002125089224858,-98.14745016707307,0,0,https://www.inmuebles24.com/propiedades/clasificado/veclcain-en-venta-casa-3-pisos-4-r-bosques-de-chapultepec-147023651.html?n_src=Listado&n_pg=3&n_pos=11,casas
3000000,220.0,3,3,4,2.0,15.0,2,"Casa en Venta La Calera, Provincia de Puebla",19.0169568,-98.1756586,0,0,https://www.inmuebles24.com/propiedades/clasificado/veclcain-casa-en-venta-la-calera-149247407.html?n_src=Listado&n_pills=Jard%C3%ADn+privado&n_pg=3&n_pos=12,casas
15000000,935.0,3,9,7,10.0,5.0,2,"Remato Espectacular Residencia en El Mirador de La Calera, Provincia de Puebla",19.011249,-98.1724404,0,1,https://www.inmuebles24.com/propiedades/clasificado/veclcain-remato-espectacular-residencia-en-el-mirador-de-la-149465466.html?n_src=Listado&n_pills=%C3%81rea+de+juegos+infantiles&n_pg=3&n_pos=13,casas
39700000,650.0,3,3,4,6.0,5.0,2,"Exclusivo Fraccionamiento Residencial en Zona Atlixcáyotl, Provincia de Puebla",19.0238025,-98.2393529,0,0,https://www.inmuebles24.com/propiedades/clasificado/veclcain-casa-en-venta-en-exclusivo-fraccionamiento-residencial-147506855.html?n_src=Listado&n_pills=Aire+acondicionado&n_pg=3&n_pos=16,casas
5100000,250.0,4,4,4,2.0,10.0,2,"Casa en Venta - Prados Agua Azul Puebla, Provincia de Puebla",19.0269088,-98.2146977,0,0,https://www.inmuebles24.com/propiedades/clasificado/veclcain-casa-en-venta-prados-agua-azul-puebla-147624748.html?n_src=Listado&n_pills=%C3%81rea+de+lavado&n_pg=3&n_pos=17,casas
1600000,88.0,3,2,1,1.0,,2,"Col. Constitución Mexicana con 88 m² de Construcción, Provincia de Puebla",18.954576953604697,-98.23409569457613,0,0,https://www.inmuebles24.com/propiedades/clasificado/veclcain-casa-nueva-en-venta-en-col.-constitucion-mexicana-con-149415722.html?n_src=Listado&n_pg=3&n_pos=18,casas
2100000,116.0,3,3,2,,,2,"Venta de Casa en Residencial en San Isidro Castillotla, Provincia de Puebla",18.978581208616273,-98.26707410545698,0,0,https://www.inmuebles24.com/propiedades/clasificado/veclcain-venta-de-casa-en-residencial-en-san-isidro-castillotla-149198649.html?n_src=Listado&n_pills=Terraza&n_pg=3&n_pos=19,casas
2120000,99.0,3,3,1,1.0,,2,"Fraccionamiento, Cerca Recta a Cholula y Esteban de Antuñano, Provincia de Puebla",19.060562320693656,-98.23996344921264,0,0,https://www.inmuebles24.com/propiedades/clasificado/veclcain-casa-en-venta-en-fraccionamiento-cerca-recta-a-148337674.html?n_src=Listado&n_pills=Escuelas+cercanas&n_pg=3&n_pos=20,casas
9708000,328.0,3,3,3,2.0,15.0,2,"Jardines de Zavaleta Puebla Recta a Cholula Udlap, Provincia de Puebla",19.0644168,-98.25781479999999,0,0,https://www.inmuebles24.com/propiedades/clasificado/veclcain-casa-en-renta-en-jardines-de-zavaleta-puebla-recta-a-149656699.html?n_src=Listado&n_pills=Terraza&n_pg=3&n_pos=21,casas
1553000,72.0,3,2,1,1.0,,2,"Lomas de Castillotla, por Boulevard Carmelitas, Provincia de Puebla",18.975458273,-98.262239476,0,0,https://www.inmuebles24.com/propiedades/clasificado/veclcain-casa-en-venta-en-lomas-de-castillotla-por-boulevard-147751888.html?n_src=Listado&n_pg=3&n_pos=22,casas
4380000,183.0,3,3,2,2.0,,2,"Casa en Venta Puebla Fraccionamiento La Antigua Cementera, Provincia de Puebla",19.0783175,-98.2244807,1,0,https://www.inmuebles24.com/propiedades/clasificado/veclcain-casa-en-venta-puebla-fraccionamiento-la-antigua-147415194.html?n_src=Listado&n_pills=%C3%81rea+de+lavado&n_pg=3&n_pos=23,casas
4250000,270.0,3,3,2,3.0,6.0,2,"Casa en Venta Oasis Valsequillo Cerca Africam $4,250,000, Provincia de Puebla",18.9202776,-98.1344444,0,0,https://www.inmuebles24.com/propiedades/clasificado/veclcain-casa-en-venta-oasis-valsequillo-cerca-africam-149161771.html?n_src=Listado&n_pills=Patio&n_pg=3&n_pos=24,casas
3500000,361.0,3,4,3,4.0,25.0,2,"Excelente Casa Para Oficinas o Desarrolladores, Provincia de Puebla",19.0261455,-98.19686229999999,0,0,https://www.inmuebles24.com/propiedades/clasificado/veclcain-excelente-casa-para-oficinas-o-desarrolladores-147163683.html?n_src=Listado&n_pg=3&n_pos=25,casas
2600000,160.0,4,4,4,2.0,,2,"San Isidro Castillotla: 4 Recámaras, Amplio Jardín y Más, Provincia de Puebla",18.9835384,-98.270659,0,0,https://www.inmuebles24.com/propiedades/clasificado/veclcain-casa-en-venta-en-san-isidro-castillotla:-4-recamaras-149820338.html?n_src=Listado&n_pills=%C3%81rea+de+lavado&n_pg=3&n_pos=26,casas
21000000,1350.0,3,3,4,4.0,10.0,2,"Casa en Venta Club de Golf Las Fuentes 2 Puebla, Provincia de Puebla",19.0885329,-98.2336028,0,0,https://www.inmuebles24.com/propiedades/clasificado/veclcain-casa-en-venta-club-de-golf-las-fuentes-2-puebla-148328168.html?n_src=Listado&n_pills=%C3%81rea+de+lavado&n_pg=3&n_pos=28,casas
2850000,132.0,3,2,1,2.0,20.0,2,"Casa en Venta $2,850,000 San José Mayorazgo Cerca Hospital Angeles y Ccu, Provincia de Puebla",19.0100864,-98.232471,0,0,https://www.inmuebles24.com/propiedades/clasificado/veclcain-casa-en-venta-$2-850-000-san-jose-mayorazgo-cerca-148038865.html?n_src=Listado&n_pills=%C3%81rea+de+lavado&n_pg=3&n_pos=29,casas
2150000,109.0,3,3,2,2.0,5.0,2,"Venta Casa en Fraccionamiento Atras Cruz del Sur Cerca Forjadores Zavaleta Reforma Cholula Puebla, Provincia de Puebla",19.0822961,-98.25438220000001,0,0,https://www.inmuebles24.com/propiedades/clasificado/veclcain-venta-casa-en-fraccionamiento-atras-cruz-del-sur-cerca-149141370.html?n_src=Listado&n_pills=Jard%C3%ADn+privado&n_pg=3&n_pos=30,casas
12000000,438.0,3,3,4,3.0,15.0,2,"Casa en Venta Fracc La Concepcion Zavaleta en Esquina $12,000,000, Provincia de Puebla",19.0416608,-98.2487989,0,0,https://www.inmuebles24.com/propiedades/clasificado/veclcain-casa-en-venta-fracc-la-concepcion-zavaleta-en-esquina-149664992.html?n_src=Listado&n_pills=Terraza&n_pg=4&n_pos=1,casas
8500000,4.0,3,16,12,5.0,10.0,2,"Inmueble Comercial Precio de Oportunidad, Provincia de Puebla",19.0316095,-98.2088879,0,0,https://www.inmuebles24.com/propiedades/clasificado/veclcain-inmueble-comercial-precio-de-oportunidad-148094225.html?n_src=Listado&n_pills=Patio&n_pg=4&n_pos=4,casas
15000000,800.0,3,4,4,9.0,36.0,2,El Club de Golf Las Fuentes,19.0864026538,-98.2357572909,0,0,https://www.inmuebles24.com/propiedades/clasificado/veclcain--oportunidad-residencia-en-venta-en-el-club-de-golf-148597397.html?n_src=Listado&n_pills=Seguridad+privada&n_pg=4&n_pos=8,casas
11400000,598.0,3,3,3,4.0,25.0,2,"Casa en Venta Club de Golf Las Fuentes, Fuentes de San Miguel, Provincia de Puebla",19.0922504,-98.2348272,0,0,https://www.inmuebles24.com/propiedades/clasificado/veclcain-casa-en-venta-club-de-golf-las-fuentes-fuentes-de-san-149724278.html?n_src=Listado&n_pills=Jard%C3%ADn+privado&n_pg=4&n_pos=10,casas
2450000,154.0,3,3,2,2.0,,2,"Casa en Venta Prados Agua Azul, Puebla - en Privada",19.0273276,-98.2171967,0,0,https://www.inmuebles24.com/propiedades/clasificado/veclcain-casa-en-venta-prados-agua-azul-puebla-en-privada.-147407442.html?n_src=Listado&n_pg=4&n_pos=14,casas
11300000,439.0,2,3,4,,31.0,2,"Fracc Campestre El Paraiso en Zavaleta $11,300,000, Provincia de Puebla",19.064118235,-98.2505349143,0,1,https://www.inmuebles24.com/propiedades/clasificado/veclcain-casa-en-venta-en-fracc-campestre-el-paraiso-en-149796252.html?n_src=Listado&n_pills=Jard%C3%ADn+privado&n_pg=4&n_pos=15,casas
6700000,380.0,3,3,3,3.0,15.0,2,"Residencial Zavaleta con Espacios Llenos de Armonía, Provincia de Puebla",19.0451051055,-98.2566038552,0,0,https://www.inmuebles24.com/propiedades/clasificado/veclcain-casa-en-venta-en-residencial-zavaleta-con-espacios-149535195.html?n_src=Listado&n_pills=Terraza&n_pg=4&n_pos=16,casas
4300000,215.0,3,3,4,3.0,,2,"Casa Nueva en Venta, La Antigua Cementera, Provincia de Puebla",19.0758765,-98.2249383,1,0,https://www.inmuebles24.com/propiedades/clasificado/veclcain-casa-nueva-en-venta-la-antigua-cementera-149293599.html?n_src=Listado&n_pills=Jard%C3%ADn+privado&n_pg=4&n_pos=17,casas
3500000,178.0,2,3,3,3.0,45.0,2,"Vendo Casa de Una Planta, Usada, en Esquina Cerca de La Buap San Manuel, Provincia de Puebla",19.0081437,-98.2064463,0,0,https://www.inmuebles24.com/propiedades/clasificado/veclcain-vendo-casa-de-una-planta-usada-en-esquina-cerca-de-148054411.html?n_src=Listado&n_pills=%C3%81rea+de+lavado&n_pg=4&n_pos=20,casas
1450000,96.0,4,4,2,1.0,5.0,2,"Casa de 4 Recamaras en Venta zona: Bosques de Chapultepec, Provincia de Puebla",19.0070238,-98.1396326,0,0,https://www.inmuebles24.com/propiedades/clasificado/veclcain-casa-de-4-recamaras-en-ventazona:-bosques-de-148137349.html?n_src=Listado&n_pills=Seguridad+privada&n_pg=4&n_pos=25,casas
3500000,132.0,3,3,2,2.0,9.0,2,"Se Vende Casa en La Antigua Cementera, Provincia de Puebla",19.0803448,-98.22101409999999,0,0,https://www.inmuebles24.com/propiedades/clasificado/veclcain-se-vende-casa-en-la-antigua-cementera-149275878.html?n_src=Listado&n_pills=Terraza&n_pg=4&n_pos=26,casas
9500000,687.0,3,4,5,4.0,12.0,2,"Casa de un Piso en Fraccionamiento Moratilla - Zona Blvd. Hermanos Serdán, Provincia de Puebla",19.0731124,-98.2387109,0,1,https://www.inmuebles24.com/propiedades/clasificado/veclcain-casa-de-un-piso-en-fraccionamiento-moratilla-zona-149348100.html?n_src=Listado&n_pills=Alberca&n_pg=4&n_pos=27,casas
